{"cameraMode":{"drawMode":0,"name":"Shaded","section":"Shading Mode"},"sceneLighting":false,"audioPlay":false,"sceneViewState":{"m_AlwaysRefresh":false,"showFog":false,"showSkybox":false,"showFlares":false,"showImageEffects":false,"showParticleSystems":false,"showVisualEffectGraphs":true,"m_FxEnabled":true},"in2DMode":false,"pivot":{"x":0.09031683206558228,"y":1.3392558097839356,"z":0.3635290265083313},"rotation":{"x":0.22791022062301637,"y":-0.11594029515981674,"z":0.027343012392520906,"w":0.9663704633712769},"size":1.9158059358596802,"orthographic":false}