{"cameraMode":{"drawMode":0,"name":"Shaded","section":"Shading Mode"},"sceneLighting":false,"audioPlay":false,"sceneViewState":{"m_AlwaysRefresh":false,"showFog":false,"showSkybox":false,"showFlares":false,"showImageEffects":false,"showParticleSystems":false,"showVisualEffectGraphs":true,"m_FxEnabled":true},"in2DMode":false,"pivot":{"x":0.3070734143257141,"y":0.3782029151916504,"z":-4.581291675567627},"rotation":{"x":-0.0019349815556779504,"y":-0.9781153798103333,"z":0.20787370204925538,"w":-0.009104392491281033},"size":4.292808532714844,"orthographic":false}