{"cameraMode":{"drawMode":0,"name":"Shaded","section":"Shading Mode"},"sceneLighting":false,"audioPlay":false,"sceneViewState":{"m_AlwaysRefresh":false,"showFog":true,"showSkybox":false,"showFlares":true,"showImageEffects":true,"showParticleSystems":true,"showVisualEffectGraphs":true,"m_FxEnabled":true},"in2DMode":false,"pivot":{"x":-0.3500000238418579,"y":1.0992356538772584,"z":0.05000000447034836},"rotation":{"x":0.03887927904725075,"y":-0.7298895120620728,"z":0.041654959321022037,"w":0.6811980605125427},"size":0.8660253882408142,"orthographic":false}