{"cameraMode":{"drawMode":0,"name":"Shaded","section":"Shading Mode"},"sceneLighting":false,"audioPlay":false,"sceneViewState":{"m_AlwaysRefresh":false,"showFog":false,"showSkybox":false,"showFlares":false,"showImageEffects":false,"showParticleSystems":false,"showVisualEffectGraphs":true,"m_FxEnabled":true},"in2DMode":false,"pivot":{"x":1.449355125427246,"y":1.3279290199279786,"z":-0.3664581775665283},"rotation":{"x":-0.022684236988425256,"y":0.8846896290779114,"z":0.043287891894578937,"w":0.46361982822418215},"size":2.28000807762146,"orthographic":false}